id,first_name,last_name,email,gender,fave_color
1,Stanleigh,Harlick,sharlick0@yahoo.com,,Crimson
2,Roberto,Lauks,rlauks1@github.io,,Aquamarine
3,Ari,Espy,aespy2@washingtonpost.com,,Maroon
4,Iain,Macieja,imacieja3@nydailynews.com,Polygender,Fuscia
5,Molly,Vahey,mvahey4@so-net.ne.jp,Genderfluid,Green
6,Nicol,Chatell,nchatell5@patch.com,Male,Goldenrod
7,Evangeline,Woodbridge,ewoodbridge6@nbcnews.com,Genderfluid,Fuscia
8,Daphene,Riggulsford,driggulsford7@seesaa.net,Female,Teal
9,Eunice,DeSousa,edesousa8@pinterest.com,Female,Blue
10,Arlette,Towey,,Bigender,Aquamarine
11,Halie,Barlie,hbarliea@illinois.edu,Male,Teal
12,Alison,Shillington,ashillingtonb@sogou.com,Bigender,Khaki
13,Kelvin,Warry,kwarryc@blog.com,Agender,Mauv
14,Meade,Toplis,,Female,Indigo
15,Vivie,Sinson,vsinsone@goo.ne.jp,Female,Teal
16,Creight,Picot,cpicotf@nih.gov,Bigender,Red
17,Guendolen,Dodd,gdoddg@yellowpages.com,Non-binary,Goldenrod
18,Sonya,Kirkebye,,Genderqueer,Orange
19,Buiron,Marshallsay,bmarshallsayi@mit.edu,Polygender,Fuscia
20,Delmor,Roebottom,droebottomj@cornell.edu,Polygender,Yellow
21,Harbert,Ling,hlingk@1688.com,Genderfluid,Indigo
22,Shelia,Bindin,sbindinl@blogger.com,Polygender,Violet
23,Abe,Chappelow,achappelowm@t-online.de,Female,Purple
24,Pacorro,Wedlake,pwedlaken@blogger.com,Female,Puce
25,Aili,Cowdery,acowderyo@posterous.com,Agender,Indigo
26,Lind,Ciciura,lciciurap@typepad.com,Polygender,Turquoise
27,Derick,Matteo,dmatteoq@squarespace.com,Female,Yellow
28,Mary,Lydall,mlydallr@gmpg.org,Genderqueer,Pink
29,Marietta,Aguilar,maguilars@dmoz.org,Female,Pink
30,Penni,Jagson,pjagsont@wiley.com,Polygender,
31,Pattie,Yanson,pyansonu@senate.gov,Genderfluid,Orange
32,Adams,Strangman,astrangmanv@mozilla.com,Bigender,Crimson
33,Joyan,Terris,jterrisw@wordpress.org,Polygender,Mauv
34,Ellyn,Girardez,egirardezx@abc.net.au,Genderfluid,Fuscia
35,Antoine,Bargh,abarghy@usa.gov,Bigender,Green
36,Jephthah,Kmiec,jkmiecz@acquirethisname.com,Agender,Indigo
37,Ingemar,Lyte,ilyte10@qq.com,Bigender,Maroon
38,Lil,Philpot,lphilpot11@infoseek.co.jp,,Puce
39,Doralynn,Ewestace,dewestace12@hostgator.com,Polygender,Violet
40,Cory,Eller,celler13@ucoz.com,Female,Orange
41,Mathian,Rushford,mrushford14@sphinn.com,Female,Aquamarine
42,Heath,Lloyds,hlloyds15@sohu.com,Agender,Fuscia
43,Ludwig,Whales,lwhales16@ning.com,Genderfluid,Fuscia
44,Xenos,Livesey,xlivesey17@cyberchimps.com,Agender,Mauv
45,Hugo,Shoulders,hshoulders18@cdc.gov,Genderfluid,Aquamarine
46,Etty,Domoney,edomoney19@tinypic.com,Agender,Orange
47,Massimiliano,Goeff,mgoeff1a@senate.gov,Polygender,Fuscia
48,Zeke,Masic,zmasic1b@exblog.jp,Bigender,Maroon
49,Francoise,Mayne,fmayne1c@hatena.ne.jp,Agender,Yellow
50,Marysa,Glandon,mglandon1d@craigslist.org,Female,Blue
51,Neron,Syversen,nsyversen1e@cafepress.com,Polygender,Violet
52,Stacy,O'Bruen,sobruen1f@examiner.com,Male,Goldenrod
53,Mervin,Spivey,mspivey1g@xinhuanet.com,Genderqueer,Mauv
54,Miguela,Murricanes,mmurricanes1h@imdb.com,Male,Goldenrod
55,Sarajane,Johantges,sjohantges1i@fda.gov,,Violet
56,Lewie,Langman,llangman1j@hostgator.com,Genderfluid,Purple
57,Neda,Basson,nbasson1k@toplist.cz,Male,Purple
58,Cinnamon,McCreedy,cmccreedy1l@icq.com,,Orange
59,Peri,Comello,pcomello1m@prlog.org,Male,Blue
60,Kristopher,Yoslowitz,kyoslowitz1n@xrea.com,Polygender,Yellow
61,Blinny,Scamadine,bscamadine1o@deviantart.com,Agender,Pink
62,Cchaddie,Bolsover,cbolsover1p@upenn.edu,Agender,Maroon
63,Talbot,McDermott-Row,,Bigender,Turquoise
64,Shaylyn,Parres,sparres1r@timesonline.co.uk,Genderfluid,Mauv
65,Son,Haddrill,shaddrill1s@forbes.com,Female,Indigo
66,Benn,Eastes,beastes1t@ocn.ne.jp,Polygender,Purple
67,Stephi,Lawton,slawton1u@blogs.com,Female,Puce
68,Dione,Knight,dknight1v@themeforest.net,Non-binary,Aquamarine
69,Hobie,Braybrooke,hbraybrooke1w@webs.com,Male,Green
70,Allene,Godier,agodier1x@skype.com,Bigender,Indigo
71,Ivonne,Redmond,iredmond1y@slashdot.org,Bigender,Goldenrod
72,Wilt,Cobello,wcobello1z@wordpress.org,Male,Purple
73,Laureen,Klaaassen,lklaaassen20@networkadvertising.org,Female,Purple
74,Allix,Winder,awinder21@cbsnews.com,,Turquoise
75,Lonni,Wheeldon,lwheeldon22@discuz.net,Genderqueer,Maroon
76,Ferdie,Gymblett,fgymblett23@irs.gov,Genderqueer,Mauv
77,Rozalin,Veale,rveale24@dion.ne.jp,Agender,Red
78,Lezley,Shale,lshale25@nature.com,Genderqueer,Teal
79,Marie-ann,Spratt,mspratt26@smugmug.com,Polygender,Teal
80,Abdel,Kilcullen,akilcullen27@google.com.au,Male,Red
81,Clement,Banisch,cbanisch28@flavors.me,Polygender,Purple
82,Gilly,Stopps,gstopps29@ucoz.ru,Polygender,Green
83,Puff,Duell,pduell2a@blog.com,Genderfluid,Aquamarine
84,Tandy,Matthieson,tmatthieson2b@digg.com,Male,Khaki
85,Terrie,Ducker,tducker2c@theatlantic.com,Bigender,Yellow
86,Ambrosius,Mushawe,,Non-binary,Yellow
87,Ruthe,Christiensen,rchristiensen2e@google.co.jp,Genderfluid,Purple
88,Kayla,Sambrook,ksambrook2f@timesonline.co.uk,Male,Fuscia
89,Graehme,Maleney,gmaleney2g@yellowbook.com,Polygender,Green
90,Maddie,Oliva,moliva2h@salon.com,Agender,Fuscia
91,April,Tulley,atulley2i@ycombinator.com,Bigender,Purple
92,Rube,Beade,rbeade2j@symantec.com,Non-binary,Teal
93,Kata,Swayton,kswayton2k@163.com,Genderfluid,Pink
94,Cchaddie,Whyke,cwhyke2l@google.co.jp,,Red
95,Van,Norway,vnorway2m@nydailynews.com,,Red
96,Devina,Lapslie,dlapslie2n@ycombinator.com,Genderfluid,Violet
97,Rania,Bliven,rbliven2o@geocities.com,Genderqueer,Fuscia
98,Alana,Simonitto,asimonitto2p@de.vu,Polygender,Indigo
99,Hali,Miller,,Agender,Turquoise
100,Mab,Cribbott,mcribbott2r@mlb.com,Genderqueer,Red
101,Dulcea,Luebbert,dluebbert2s@uol.com.br,Genderfluid,Yellow
102,Nat,Bamsey,nbamsey2t@nbcnews.com,Agender,Teal
103,Grantham,Boutcher,gboutcher2u@admin.ch,Male,Khaki
104,Fredi,Figgs,ffiggs2v@xinhuanet.com,Polygender,Indigo
105,Appolonia,Simonini,asimonini2w@fotki.com,Genderfluid,Khaki
106,Ami,Arlow,aarlow2x@yahoo.co.jp,Genderqueer,Red
107,Gerry,Pendlebery,gpendlebery2y@vistaprint.com,Female,Pink
108,Windham,Babber,wbabber2z@themeforest.net,Male,Mauv
109,Crawford,Fairlaw,cfairlaw30@godaddy.com,,Yellow
110,Ameline,Edgerley,aedgerley31@un.org,Polygender,Maroon
111,Dunc,Collomosse,dcollomosse32@1und1.de,Female,Orange
112,Kennan,Powdrill,kpowdrill33@ox.ac.uk,,Mauv
113,Lisle,De Mars,ldemars34@indiegogo.com,Genderqueer,Indigo
114,Sarajane,Tottie,stottie35@auda.org.au,Agender,Violet
115,Thurstan,Mantz,tmantz36@mtv.com,,Red
116,Feliza,Mawby,fmawby37@bloglines.com,Female,Purple
117,Nelie,Chainey,nchainey38@wikispaces.com,Bigender,Indigo
118,Siffre,Amott,samott39@whitehouse.gov,Female,Green
119,Isahella,Stockhill,istockhill3a@canalblog.com,,Mauv
120,Renate,Horder,rhorder3b@admin.ch,Polygender,Fuscia
121,Phillipe,Le febre,plefebre3c@mail.ru,Genderqueer,Fuscia
122,Sheela,Mapplethorpe,smapplethorpe3d@dagondesign.com,,Mauv
123,Dana,Ashelford,dashelford3e@ask.com,Male,Red
124,Constancia,Kepling,ckepling3f@reddit.com,Female,Teal
125,Janine,Everest,jeverest3g@netscape.com,Genderqueer,Orange
126,Cassie,O'Sherin,cosherin3h@blogspot.com,,
127,Babs,Gillam,bgillam3i@printfriendly.com,Female,Orange
128,Sharleen,Heavens,sheavens3j@cnn.com,Polygender,Mauv
129,Sutherlan,Hynson,shynson3k@privacy.gov.au,,Teal
130,Dario,Fasse,dfasse3l@sciencedirect.com,Male,Yellow
131,Sissie,Arnot,sarnot3m@whitehouse.gov,Genderqueer,Teal
132,Joyce,Haldenby,jhaldenby3n@devhub.com,Non-binary,Crimson
133,Izak,McBain,imcbain3o@vinaora.com,Male,Maroon
134,Juliette,Lau,jlau3p@weibo.com,Female,Pink
135,Leland,Dudding,ldudding3q@t.co,Female,
136,Korie,Baldwin,kbaldwin3r@china.com.cn,Non-binary,Mauv
137,Debbi,Belderson,dbelderson3s@umich.edu,Polygender,Red
138,Elmer,Shoveller,eshoveller3t@psu.edu,Agender,Maroon
139,Ashia,Farfull,afarfull3u@ed.gov,Non-binary,Puce
140,Desi,McGarrahan,dmcgarrahan3v@godaddy.com,Bigender,Violet
141,Avram,Keenleyside,akeenleyside3w@chron.com,Polygender,Indigo
142,Erica,Feronet,eferonet3x@creativecommons.org,,Goldenrod
143,Kipp,Colthard,kcolthard3y@technorati.com,Male,Yellow
144,Loralie,Clampett,lclampett3z@usatoday.com,,Khaki
145,Gherardo,Paddingdon,gpaddingdon40@springer.com,Polygender,Khaki
146,Emmerich,Blazej,eblazej41@behance.net,Genderqueer,Maroon
147,Rollins,Sinson,rsinson42@hubpages.com,,Violet
148,Alphonso,Parsall,aparsall43@dion.ne.jp,Agender,Purple
149,Auguste,Lisamore,,,Khaki
150,Lucien,McInteer,lmcinteer45@t.co,Genderfluid,Orange
151,Dorotea,Sharpin,,Female,Puce
152,Darbie,Hannant,dhannant47@umn.edu,Bigender,Crimson
153,Merralee,Hartus,mhartus48@mediafire.com,,Aquamarine
154,Desmond,Lagden,dlagden49@etsy.com,Polygender,Crimson
155,Glenn,Mathwin,gmathwin4a@army.mil,Female,Teal
156,Hewitt,Eberle,heberle4b@fema.gov,Bigender,Pink
157,Timoteo,Crighten,tcrighten4c@tiny.cc,Non-binary,Violet
158,Alvira,Shanley,ashanley4d@yandex.ru,Agender,Yellow
159,Maison,Gaddas,mgaddas4e@liveinternet.ru,Bigender,Purple
160,Julina,St Leger,jstleger4f@51.la,Non-binary,Green
161,Sapphira,Cawood,scawood4g@trellian.com,Male,Indigo
162,Marion,Jeannequin,mjeannequin4h@moonfruit.com,Non-binary,Maroon
163,Joletta,Sambath,jsambath4i@exblog.jp,Genderfluid,Aquamarine
164,Grier,Rowatt,growatt4j@a8.net,Non-binary,Goldenrod
165,Timmi,Bathoe,tbathoe4k@about.com,Male,Goldenrod
166,Rebecca,Pickhaver,rpickhaver4l@jimdo.com,Polygender,
167,Egon,Nalder,,Genderfluid,Maroon
168,Rowena,Sidlow,rsidlow4n@usgs.gov,Bigender,Maroon
169,Philippa,Norrey,pnorrey4o@wufoo.com,Female,Mauv
170,Harriott,Swale,hswale4p@bbb.org,Bigender,Teal
171,Elora,Latey,elatey4q@wired.com,Genderfluid,Yellow
172,Fenelia,McDoual,fmcdoual4r@cocolog-nifty.com,Agender,Blue
173,Urbanus,Starte,ustarte4s@google.ru,Polygender,Pink
174,Audie,Buzin,abuzin4t@hud.gov,Genderqueer,Green
175,Tonya,Clipson,tclipson4u@booking.com,Agender,Goldenrod
176,Milty,Bearne,mbearne4v@constantcontact.com,Genderqueer,Khaki
177,Kaitlyn,Harcombe,kharcombe4w@weather.com,Agender,Indigo
178,Kerry,Wiffen,kwiffen4x@google.es,Male,Red
179,Adrien,Kennedy,akennedy4y@java.com,Genderqueer,
180,Vasilis,MacNeilley,vmacneilley4z@barnesandnoble.com,Male,Maroon
181,Vi,Downham,vdownham50@mtv.com,Bigender,Teal
182,Valerye,Guislin,vguislin51@columbia.edu,Bigender,Pink
183,Sydel,Vasyukhichev,svasyukhichev52@seattletimes.com,Genderfluid,Goldenrod
184,Viviene,Crake,vcrake53@gizmodo.com,Genderfluid,Blue
185,Rosanne,Annandale,rannandale54@sfgate.com,,Green
186,Nicolle,Beck,nbeck55@sphinn.com,Genderfluid,Mauv
187,Norrie,Dudbridge,ndudbridge56@google.co.uk,Non-binary,Puce
188,Tory,Bogace,tbogace57@unc.edu,Non-binary,Puce
189,Charmion,Bolley,cbolley58@wp.com,Bigender,Crimson
190,Jayme,Glennie,jglennie59@toplist.cz,Bigender,Yellow
191,Velvet,Foort,vfoort5a@vistaprint.com,Genderqueer,Fuscia
192,Dewie,Eller,deller5b@amazon.com,Polygender,Pink
193,Lu,Praten,lpraten5c@biblegateway.com,Agender,Maroon
194,Taddeo,Irlam,tirlam5d@mysql.com,Polygender,
195,Vere,Buncher,vbuncher5e@livejournal.com,Agender,Pink
196,Lucian,McGonnell,lmcgonnell5f@theguardian.com,Male,Khaki
197,Holly,Tonepohl,htonepohl5g@dot.gov,Polygender,Fuscia
198,Fabian,Jerram,,Polygender,Goldenrod
199,Nathanial,People,npeople5i@yahoo.co.jp,Genderfluid,Turquoise
200,Sheelagh,Jamblin,sjamblin5j@youtube.com,Female,Orange
201,Mavis,Portwaine,mportwaine5k@odnoklassniki.ru,Female,Indigo
202,Charis,Mayzes,cmayzes5l@oracle.com,Bigender,Purple
203,Kathleen,Addyman,kaddyman5m@google.com.hk,Polygender,Indigo
204,Lockwood,Fipp,lfipp5n@elpais.com,,Maroon
205,Roanne,Roads,rroads5o@usgs.gov,Bigender,Turquoise
206,Thomas,Spellsworth,tspellsworth5p@cornell.edu,Male,Indigo
207,Reggis,Fullman,rfullman5q@rediff.com,Polygender,Red
208,Tabb,Gales,tgales5r@msu.edu,Male,Turquoise
209,Pansie,Churms,pchurms5s@linkedin.com,Male,Crimson
210,Fonsie,Mollen,fmollen5t@myspace.com,Genderfluid,Orange
211,Land,Bride,lbride5u@ask.com,Bigender,Indigo
212,Augustus,Skoate,askoate5v@theguardian.com,Male,Blue
213,Isidor,Ruggieri,iruggieri5w@tmall.com,Female,Teal
214,Raine,Maccaig,rmaccaig5x@yellowbook.com,Agender,Puce
215,Barr,Gawn,bgawn5y@cnn.com,Agender,Green
216,Dirk,Portingale,,Genderqueer,Yellow
217,Ashlin,MacEllen,amacellen60@uiuc.edu,Non-binary,Teal
218,Ermentrude,McCurlye,emccurlye61@earthlink.net,Bigender,Red
219,Delmore,McCole,dmccole62@ameblo.jp,,Green
220,Gypsy,Nineham,gnineham63@1und1.de,Non-binary,Fuscia
221,Torrey,Dat,tdat64@cornell.edu,Genderfluid,Teal
222,Hamil,Billinge,hbillinge65@chicagotribune.com,Male,Teal
223,Viviana,Headings,vheadings66@imgur.com,Male,Blue
224,Margareta,Guy,mguy67@accuweather.com,Non-binary,Yellow
225,Daryl,Geldeard,dgeldeard68@chicagotribune.com,Agender,Indigo
226,Dane,Tattershall,dtattershall69@yellowbook.com,Genderqueer,Yellow
227,Susy,Wrangle,swrangle6a@forbes.com,Genderqueer,Teal
228,Lura,Kneaphsey,lkneaphsey6b@globo.com,Agender,Violet
229,Rickey,Licas,rlicas6c@mozilla.org,Polygender,Violet
230,Gabi,Lamblin,glamblin6d@icq.com,Male,Red
231,Melessa,Littlechild,mlittlechild6e@mayoclinic.com,Polygender,Aquamarine
232,Gwenni,Josum,gjosum6f@scientificamerican.com,Genderfluid,Violet
233,Whitaker,Ferens,,Bigender,Mauv
234,Artemis,Boanas,aboanas6h@jigsy.com,Agender,Purple
235,Reinhold,Morston,rmorston6i@prweb.com,Non-binary,Mauv
236,Aldwin,Lardiner,alardiner6j@spotify.com,Genderfluid,Teal
237,Rainer,Hearfield,rhearfield6k@cpanel.net,Female,
238,Quentin,Sexcey,qsexcey6l@alexa.com,Non-binary,Orange
239,Carlin,Merryman,cmerryman6m@dion.ne.jp,,Aquamarine
240,Genvieve,Speare,gspeare6n@cyberchimps.com,Female,Violet
241,Danit,Ewbanck,dewbanck6o@xinhuanet.com,Polygender,Red
242,Kennith,Runnalls,krunnalls6p@wordpress.org,Agender,Purple
243,Mord,Pitkeathly,mpitkeathly6q@comsenz.com,Genderfluid,Yellow
244,Ray,McKerton,rmckerton6r@pinterest.com,Female,Goldenrod
245,Viva,Imason,vimason6s@chron.com,Female,Goldenrod
246,Milton,Fisby,mfisby6t@wikimedia.org,Polygender,Goldenrod
247,Petr,Mc Grath,,,Orange
248,Mayne,Semrad,msemrad6v@php.net,Bigender,Crimson
249,Roth,Storey,rstorey6w@aboutads.info,,Teal
250,Shelby,Kingaby,skingaby6x@wikimedia.org,Female,Violet
251,Linn,Jacklin,ljacklin6y@facebook.com,Genderqueer,Teal
252,Jeramey,Kinker,jkinker6z@tmall.com,Bigender,Puce
253,Vivian,Swires,vswires70@hao123.com,Genderfluid,Pink
254,Hurley,Ricciardelli,hricciardelli71@buzzfeed.com,Genderqueer,Blue
255,Rozalie,Seide,rseide72@si.edu,Female,Teal
256,Otho,Davydkov,odavydkov73@foxnews.com,Genderqueer,Pink
257,Leticia,Piken,lpiken74@lulu.com,Agender,Maroon
258,Claudian,Graveney,cgraveney75@psu.edu,Genderfluid,Fuscia
259,Bax,Brauner,bbrauner76@blinklist.com,Male,Pink
260,Eliot,Malshinger,emalshinger77@china.com.cn,Agender,Pink
261,Sean,Somersett,ssomersett78@quantcast.com,Genderqueer,Turquoise
262,Ada,Kedie,akedie79@edublogs.org,Bigender,Pink
263,Jessee,Bragg,jbragg7a@wired.com,Agender,Maroon
264,Minda,Hamsher,mhamsher7b@icio.us,Genderqueer,Indigo
265,Brucie,Vedikhov,bvedikhov7c@studiopress.com,,Orange
266,Hatty,Bruckmann,hbruckmann7d@nba.com,,Fuscia
267,Heda,Cosely,hcosely7e@ibm.com,Polygender,Teal
268,Adelaida,Kampshell,akampshell7f@freewebs.com,Genderqueer,Red
269,Demetris,Meco,dmeco7g@bloomberg.com,Genderfluid,Indigo
270,Edmund,Vanyakin,evanyakin7h@tinypic.com,Genderfluid,Fuscia
271,Roland,Matthis,,Genderfluid,Khaki
272,Ally,Baldrick,abaldrick7j@delicious.com,Female,
273,Amelina,Mohan,,Female,Turquoise
274,Guillemette,Rosellini,grosellini7l@merriam-webster.com,Agender,Aquamarine
275,Bobby,Caghy,bcaghy7m@ted.com,,Yellow
276,Jaclin,Devonside,jdevonside7n@cisco.com,Male,Fuscia
277,Reggie,Drews,rdrews7o@reddit.com,Genderqueer,Green
278,Haze,Shortin,hshortin7p@technorati.com,Male,Crimson
279,Tomas,Fitchett,tfitchett7q@plala.or.jp,,Yellow
280,L;urette,Chettle,lchettle7r@jimdo.com,Bigender,Pink
281,Ranna,Sabine,rsabine7s@arstechnica.com,Polygender,Puce
282,Toma,Mulhill,tmulhill7t@squarespace.com,Female,Yellow
283,Shirl,Pressnell,spressnell7u@dell.com,Bigender,Goldenrod
284,Denice,Davern,ddavern7v@google.com.br,Bigender,Indigo
285,Shelby,Naptine,snaptine7w@ibm.com,Non-binary,Orange
286,Jillian,Epple,jepple7x@joomla.org,Genderqueer,Green
287,Eddi,Lichtfoth,elichtfoth7y@ning.com,Genderqueer,Purple
288,Liesa,Scapens,lscapens7z@timesonline.co.uk,Bigender,Fuscia
289,Shaun,Austins,saustins80@cnbc.com,Genderqueer,Purple
290,Jodi,L' Estrange,jlestrange81@msn.com,Polygender,Pink
291,Chryste,Owen,cowen82@dagondesign.com,Bigender,Blue
292,Killy,Bolton,kbolton83@apache.org,Bigender,Indigo
293,Arleta,Frede,afrede84@printfriendly.com,Genderqueer,Crimson
294,Gisella,MacHostie,gmachostie85@seattletimes.com,Agender,Aquamarine
295,Nanine,Howard,nhoward86@microsoft.com,Female,Indigo
296,Clemmie,Stenyng,cstenyng87@patch.com,Polygender,Violet
297,Taylor,Ivushkin,tivushkin88@prnewswire.com,Male,Orange
298,Hilarius,Olner,holner89@chronoengine.com,Polygender,Purple
299,Vitoria,Hammerstone,vhammerstone8a@mozilla.org,Female,Teal
300,Mathilda,Vost,mvost8b@si.edu,Non-binary,Green
301,Barbe,Duthy,bduthy8c@wix.com,Genderfluid,Violet
302,Sully,Gosswell,sgosswell8d@tamu.edu,Polygender,Violet
303,Moina,Wragg,mwragg8e@instagram.com,Genderfluid,Indigo
304,Dyann,Sonley,dsonley8f@cmu.edu,Male,Turquoise
305,Samuel,Spalton,sspalton8g@topsy.com,Bigender,Mauv
306,Jervis,Flooks,jflooks8h@list-manage.com,Non-binary,Purple
307,Thacher,Dunk,tdunk8i@rambler.ru,,Fuscia
308,Wyndham,Clutram,,Genderfluid,Red
309,Minetta,Bysshe,mbysshe8k@seesaa.net,Polygender,Khaki
310,Cele,Hewins,chewins8l@msu.edu,Female,Crimson
311,Lacy,Worg,lworg8m@slate.com,,Indigo
312,Othilia,Novakovic,onovakovic8n@sogou.com,Genderfluid,Orange
313,Kerby,Rhule,krhule8o@ameblo.jp,Female,Indigo
314,Rafe,Itzkin,ritzkin8p@is.gd,Polygender,Puce
315,Nikola,Druhan,ndruhan8q@sohu.com,Male,Orange
316,Heriberto,Winscomb,hwinscomb8r@yelp.com,Genderqueer,Violet
317,Lydie,O' Concannon,loconcannon8s@opensource.org,Genderfluid,Puce
318,Caryl,Dietzler,cdietzler8t@google.com.hk,Genderfluid,
319,Roarke,Leahey,rleahey8u@discuz.net,Female,Aquamarine
320,Ingaberg,Stickney,istickney8v@xrea.com,,Aquamarine
321,Faustina,Winston,fwinston8w@vimeo.com,Male,Maroon
322,Linea,MacPhail,lmacphail8x@craigslist.org,Genderfluid,Crimson
323,Phoebe,Fennessy,pfennessy8y@ebay.com,Bigender,Turquoise
324,Marie-ann,O'Cosgra,mocosgra8z@ed.gov,Agender,Teal
325,Roxi,Packman,rpackman90@unc.edu,Genderfluid,Indigo
326,Salim,Lafond,slafond91@gmpg.org,Genderqueer,Pink
327,Pen,Snoddon,psnoddon92@va.gov,Female,Goldenrod
328,Etheline,Klug,eklug93@cafepress.com,Agender,Teal
329,Electra,Waite,ewaite94@ted.com,Female,Green
330,Rebeca,Saltern,rsaltern95@ezinearticles.com,Polygender,Crimson
331,Lyndsay,Neesham,lneesham96@boston.com,Female,Turquoise
332,Matty,Burnand,mburnand97@xinhuanet.com,Bigender,Goldenrod
333,Kirsti,Snelgrove,ksnelgrove98@nifty.com,Female,Red
334,Andie,Chipman,achipman99@time.com,Male,Mauv
335,Myles,Didsbury,mdidsbury9a@g.co,Male,Puce
336,Lothario,Farnish,lfarnish9b@dagondesign.com,Non-binary,Violet
337,Celestyn,Chittleburgh,cchittleburgh9c@bizjournals.com,Female,Purple
338,Dilan,Elsie,delsie9d@tripadvisor.com,Agender,
339,Hyacinthe,Rammell,hrammell9e@squarespace.com,Female,Puce
340,Riccardo,Wethey,rwethey9f@ucsd.edu,Bigender,
341,Nadia,Siccombe,nsiccombe9g@dot.gov,Female,Goldenrod
342,Timothea,Huke,thuke9h@chicagotribune.com,Female,Yellow
343,Hilda,Duck,hduck9i@psu.edu,,Mauv
344,Richardo,Derle,rderle9j@twitter.com,Bigender,Blue
345,Trix,Boxen,tboxen9k@virginia.edu,Male,Pink
346,Jaquenette,Ferreri,jferreri9l@google.com.br,,Mauv
347,Danny,Odams,dodams9m@statcounter.com,Genderqueer,Green
348,Theressa,Imlen,timlen9n@apple.com,Male,Yellow
349,Delcine,Bellie,dbellie9o@pcworld.com,Female,Blue
350,Redd,Bernaert,rbernaert9p@samsung.com,,Red
351,Saxon,Tapsfield,stapsfield9q@hhs.gov,Agender,Khaki
352,Fletch,Verling,fverling9r@hatena.ne.jp,Female,Teal
353,Virginia,Figurski,vfigurski9s@gov.uk,Polygender,Red
354,Olia,Mc Cahey,omccahey9t@reddit.com,Genderqueer,Red
355,Bryce,Hambly,bhambly9u@dailymotion.com,,Mauv
356,Ketti,Folomin,kfolomin9v@walmart.com,Genderfluid,Purple
357,Bengt,Dowbiggin,bdowbiggin9w@example.com,Genderfluid,Turquoise
358,Emelen,Merman,emerman9x@bravesites.com,Non-binary,Yellow
359,Jonas,Nazair,jnazair9y@netvibes.com,Agender,Blue
360,Boyce,Pedron,bpedron9z@prnewswire.com,Male,Mauv
361,Loutitia,Gumbley,lgumbleya0@miitbeian.gov.cn,Polygender,Yellow
362,Brynn,Klass,bklassa1@sphinn.com,Male,Puce
363,Gabi,Sibbs,gsibbsa2@nyu.edu,Bigender,Yellow
364,Birgitta,Samarth,bsamartha3@yolasite.com,Male,Mauv
365,Willyt,Scrivenor,wscrivenora4@networksolutions.com,Polygender,Maroon
366,Ross,Poate,rpoatea5@pcworld.com,Polygender,Yellow
367,Blanche,Rawle,,,Fuscia
368,Corey,Crippell,ccrippella7@tinypic.com,,Crimson
369,Aubert,Ewers,aewersa8@newsvine.com,,Mauv
370,Manuel,Barnshaw,mbarnshawa9@google.pl,Male,Goldenrod
371,Nichol,Hardwell,nhardwellaa@nsw.gov.au,Polygender,
372,Ozzie,Bassick,obassickab@abc.net.au,Non-binary,Indigo
373,Morley,Lithcow,mlithcowac@hatena.ne.jp,Bigender,Maroon
374,Alessandra,Haskett,ahaskettad@addthis.com,Male,Pink
375,Tome,Kenion,tkenionae@ovh.net,Male,Khaki
376,Ilka,Mackness,imacknessaf@infoseek.co.jp,Bigender,Orange
377,Ella,Richly,erichlyag@about.com,Female,Red
378,Ollie,Mac,omacah@senate.gov,Male,Mauv
379,Rochester,Dyas,rdyasai@addtoany.com,Agender,Pink
380,Haleigh,Corbitt,hcorbittaj@uiuc.edu,Polygender,Green
381,Basilius,Lidierth,blidierthak@time.com,Bigender,
382,Daniella,Valois,dvaloisal@nyu.edu,Female,Purple
383,Myrle,Newbatt,mnewbattam@over-blog.com,Male,Turquoise
384,Gardiner,Joppich,gjoppichan@livejournal.com,Genderqueer,
385,Giacobo,Simonot,gsimonotao@nytimes.com,Non-binary,Pink
386,Pascal,Mordey,pmordeyap@netvibes.com,Bigender,Indigo
387,Juliann,Main,jmainaq@unblog.fr,Bigender,Khaki
388,Harmonie,Alvaro,halvaroar@delicious.com,Polygender,Maroon
389,Lizzie,Polamontayne,lpolamontayneas@wix.com,,Teal
390,Annadiana,Tomkinson,atomkinsonat@uiuc.edu,Genderfluid,Orange
391,Rosemarie,Grafham,rgrafhamau@linkedin.com,Genderfluid,Aquamarine
392,Alvin,Pallis,apallisav@army.mil,Genderqueer,Red
393,Gabriello,Goom,ggoomaw@nasa.gov,Genderfluid,Goldenrod
394,Rozina,Lownsbrough,rlownsbroughax@google.cn,Genderqueer,Khaki
395,Berni,Bischof,bbischofay@dion.ne.jp,Genderqueer,Aquamarine
396,Bernice,Pedrozzi,bpedrozziaz@amazonaws.com,Non-binary,Blue
397,Rollins,Rizzo,rrizzob0@i2i.jp,Bigender,Mauv
398,Marni,Seaward,mseawardb1@elegantthemes.com,Genderqueer,Purple
399,Fabien,Gavin,fgavinb2@i2i.jp,Polygender,Indigo
400,Orville,Seggie,oseggieb3@ameblo.jp,Bigender,Pink
401,Gianna,Wride,gwrideb4@moonfruit.com,Male,Green
402,Irvin,Pealing,ipealingb5@mediafire.com,Non-binary,Yellow
403,Perrine,Ferrar,pferrarb6@nbcnews.com,Male,Khaki
404,Claudina,Bertwistle,cbertwistleb7@networksolutions.com,Male,Mauv
405,Pren,Grouer,pgrouerb8@purevolume.com,Non-binary,Indigo
406,Nalani,Parkes,nparkesb9@acquirethisname.com,Genderfluid,
407,Toby,Ubanks,tubanksba@sun.com,Bigender,Red
408,Nessie,Plaunch,nplaunchbb@bbb.org,Agender,Teal
409,Colin,Perkin,cperkinbc@com.com,Genderqueer,Violet
410,Georgeanne,Dollman,gdollmanbd@flavors.me,Genderfluid,Fuscia
411,Griffith,Allcorn,gallcornbe@squarespace.com,Non-binary,Goldenrod
412,Natalina,Pendre,npendrebf@adobe.com,Genderfluid,Pink
413,Therine,Arnowitz,tarnowitzbg@icq.com,Non-binary,Khaki
414,Jilleen,Terbeck,jterbeckbh@dailymotion.com,Male,Mauv
415,Adolf,Whaplington,awhaplingtonbi@icq.com,Bigender,Goldenrod
416,Brit,Sculley,bsculleybj@guardian.co.uk,Male,Yellow
417,Martguerita,Bugdale,mbugdalebk@qq.com,,Mauv
418,Renaud,Brandli,rbrandlibl@lulu.com,Female,Red
419,Patrick,Biglin,pbiglinbm@last.fm,,Fuscia
420,Ulberto,Levee,uleveebn@studiopress.com,Male,Crimson
421,Georgie,Leppington,gleppingtonbo@businesswire.com,Non-binary,Mauv
422,Florie,Madden,fmaddenbp@dyndns.org,Genderqueer,Violet
423,Scot,Bassam,sbassambq@hao123.com,Genderfluid,Pink
424,Celisse,Tille,ctillebr@sciencedaily.com,Genderfluid,Purple
425,Jerrome,Cuddy,jcuddybs@berkeley.edu,,Red
426,Meier,Kelshaw,mkelshawbt@globo.com,Female,Fuscia
427,Lorinda,Blasgen,lblasgenbu@jimdo.com,Polygender,Pink
428,Frasco,Pasfield,fpasfieldbv@cloudflare.com,Polygender,Yellow
429,Cindee,Greatham,cgreathambw@squarespace.com,,Red
430,Ola,Geeson,ogeesonbx@home.pl,Genderfluid,Goldenrod
431,Harlen,Eddis,heddisby@buzzfeed.com,Male,Fuscia
432,Dynah,Boddam,dboddambz@usatoday.com,Bigender,Turquoise
433,Claretta,Chard,cchardc0@va.gov,Male,Red
434,Lewie,Mullaney,lmullaneyc1@icio.us,Male,Orange
435,Quinta,Yelyashev,qyelyashevc2@google.nl,,Teal
436,Lolly,Deboick,ldeboickc3@freewebs.com,Genderqueer,Turquoise
437,Zorine,Keitch,zkeitchc4@usgs.gov,Female,Indigo
438,Sena,Frany,sfranyc5@marriott.com,Polygender,Goldenrod
439,Ellie,Vankov,evankovc6@ebay.com,Bigender,Mauv
440,Craggie,Lindenfeld,clindenfeldc7@shareasale.com,Genderfluid,
441,Godfrey,Penke,gpenkec8@cam.ac.uk,Female,Pink
442,Concordia,Squires,csquiresc9@techcrunch.com,Polygender,Green
443,Bowie,Cadamy,bcadamyca@bandcamp.com,Female,Goldenrod
444,Ethel,Breem,ebreemcb@eepurl.com,Agender,Green
445,Trina,Brumble,tbrumblecc@cargocollective.com,Agender,Maroon
446,Tammi,Scutchin,tscutchincd@cdbaby.com,Female,Blue
447,Cesar,Vaughn,cvaughnce@webs.com,Genderfluid,Puce
448,Budd,Benesevich,bbenesevichcf@nationalgeographic.com,Polygender,Violet
449,Chevy,Salway,csalwaycg@blog.com,Non-binary,Yellow
450,Eddy,Burroughes,eburroughesch@eventbrite.com,Bigender,Pink
451,Michal,Darter,mdarterci@statcounter.com,Male,Khaki
452,Gard,Edmed,gedmedcj@java.com,Agender,Purple
453,Greg,Eayrs,geayrsck@walmart.com,Genderfluid,Indigo
454,Conway,Kleis,ckleiscl@home.pl,Genderfluid,Indigo
455,Dolorita,Brasseur,dbrasseurcm@hao123.com,Agender,Pink
456,Tallulah,Luis,tluiscn@youku.com,Bigender,Red
457,Niki,Hobbema,nhobbemaco@berkeley.edu,Male,Crimson
458,Shantee,Jeays,,Non-binary,Puce
459,Ginelle,Mustill,gmustillcq@google.es,Genderfluid,Yellow
460,Nanice,Fairchild,nfairchildcr@ehow.com,Genderqueer,Mauv
461,Kalina,Sygrove,ksygrovecs@about.com,Female,Blue
462,Jarrid,Jolley,jjolleyct@1688.com,Female,Teal
463,Carin,Albiston,calbistoncu@amazon.co.uk,Non-binary,Red
464,Ginnifer,Janczewski,gjanczewskicv@alexa.com,Agender,Fuscia
465,Geri,Taberer,gtaberercw@naver.com,Male,Yellow
466,Verine,McKeon,vmckeoncx@whitehouse.gov,Genderqueer,Yellow
467,Garvey,Conibear,gconibearcy@dailymotion.com,Non-binary,Orange
468,Clayborne,Hartland,chartlandcz@shutterfly.com,Bigender,Crimson
469,Reinold,Poynser,rpoynserd0@businesswire.com,Agender,Yellow
470,Karlan,Elkington,kelkingtond1@smugmug.com,Female,Yellow
471,Pip,Linton,plintond2@scribd.com,Polygender,Blue
472,Chuck,Giorgione,cgiorgioned3@ebay.com,Genderqueer,Yellow
473,Mary,Haig,mhaigd4@e-recht24.de,Polygender,Purple
474,Zulema,Grigoroni,zgrigoronid5@examiner.com,Bigender,Orange
475,Demetra,Sholl,dsholld6@nba.com,Female,Mauv
476,Mil,Vinton,mvintond7@csmonitor.com,Male,Turquoise
477,Verene,Grombridge,vgrombridged8@ocn.ne.jp,Bigender,Khaki
478,Pru,Dressel,pdresseld9@dailymotion.com,,Green
479,Marika,Pollak,mpollakda@huffingtonpost.com,Non-binary,Indigo
480,Natty,Swinfon,nswinfondb@facebook.com,Genderqueer,Pink
481,Odele,Aggott,oaggottdc@washington.edu,Genderqueer,
482,Isabella,Pickavant,ipickavantdd@cnbc.com,Male,Puce
483,Prentice,McCarlie,pmccarliede@icio.us,Polygender,Teal
484,Hurleigh,Cocozza,hcocozzadf@live.com,Agender,Purple
485,Alane,Kyndred,akyndreddg@yellowpages.com,Bigender,Pink
486,Toby,Hubber,thubberdh@mozilla.com,Agender,Indigo
487,Ole,Jentin,ojentindi@ca.gov,Female,Indigo
488,Launce,Vinnicombe,lvinnicombedj@usnews.com,Polygender,Blue
489,Banky,Humbatch,bhumbatchdk@ebay.co.uk,,Orange
490,Siouxie,Baskerville,sbaskervilledl@slideshare.net,,Teal
491,Donalt,Motten,dmottendm@zdnet.com,Genderqueer,Aquamarine
492,Elissa,Mandres,emandresdn@storify.com,Genderqueer,Indigo
493,Clair,Paddon,cpaddondo@trellian.com,Polygender,Violet
494,Chelsey,Aldwich,caldwichdp@devhub.com,Non-binary,Violet
495,Karrah,Rudgley,krudgleydq@plala.or.jp,Non-binary,Orange
496,Marylee,Bocken,mbockendr@npr.org,Agender,Crimson
497,Temp,Howat,thowatds@imgur.com,,Violet
498,Georgine,Biddle,gbiddledt@loc.gov,Genderqueer,Maroon
499,Sallie,Quince,squincedu@msn.com,Non-binary,Purple
500,Jonie,Rossi,jrossidv@parallels.com,Non-binary,Yellow
501,Augusta,Camp,acampdw@sciencedirect.com,Genderfluid,Goldenrod
502,Maiga,Trulocke,mtrulockedx@abc.net.au,Polygender,Pink
503,Saw,Lodovichi,slodovichidy@dailymotion.com,Male,Goldenrod
504,Ariel,Enric,aenricdz@yellowbook.com,Polygender,Red
505,Eugene,Claw,,Polygender,Violet
506,Goldina,Archanbault,garchanbaulte1@tumblr.com,,Aquamarine
507,Celestyn,Pococke,cpocockee2@blogger.com,Bigender,Pink
508,Giorgia,Girone,ggironee3@delicious.com,Female,Crimson
509,Saba,Petcher,spetchere4@jimdo.com,Female,Blue
510,Odilia,Sime,osimee5@ow.ly,Female,Green
511,Cinda,Kilbourn,ckilbourne6@bloglines.com,Female,Crimson
512,Ameline,Castagneto,acastagnetoe7@theguardian.com,Genderfluid,Mauv
513,Anne-corinne,Dinzey,adinzeye8@trellian.com,Non-binary,Goldenrod
514,Bo,Ellesworthe,bellesworthee9@redcross.org,Non-binary,Turquoise
515,Barry,Thicking,bthickingea@addtoany.com,Agender,Orange
516,Bear,Cribbins,bcribbinseb@qq.com,Male,Blue
517,Michell,Knagges,mknaggesec@soup.io,Bigender,Blue
518,Estel,Swetland,eswetlanded@alexa.com,Agender,Orange
519,Case,Chad,cchadee@plala.or.jp,Male,Purple
520,Andonis,Collumbell,acollumbellef@economist.com,Bigender,Turquoise
521,Garnette,Stanborough,gstanborougheg@latimes.com,Female,Purple
522,Shep,Pendell,spendelleh@barnesandnoble.com,Bigender,Goldenrod
523,Nola,Rudyard,nrudyardei@nytimes.com,Female,Violet
524,Pernell,Reisk,preiskej@disqus.com,Genderqueer,Fuscia
525,Malissia,Peirce,mpeirceek@pbs.org,Polygender,Goldenrod
526,Katharyn,McLucas,kmclucasel@theguardian.com,Female,Puce
527,Jackquelin,McGonnell,jmcgonnellem@blogs.com,Polygender,Turquoise
528,Layla,Sloegrave,lsloegraveen@devhub.com,Female,
529,Moyra,Miebes,mmiebeseo@mac.com,Bigender,Puce
530,Wash,Peregrine,wperegrineep@google.pl,Bigender,Blue
531,Reinold,Melliard,rmelliardeq@state.gov,Bigender,Turquoise
532,Mac,Elsip,melsiper@webeden.co.uk,Genderfluid,Khaki
533,Glennie,Biasini,gbiasinies@gnu.org,Polygender,Turquoise
534,Baxter,Somerbell,bsomerbellet@nytimes.com,Male,Violet
535,Coraline,Skipper,cskippereu@opera.com,Polygender,Turquoise
536,Joy,Amaya,jamayaev@slashdot.org,Bigender,Red
537,Xylina,Berntsson,xberntssonew@addthis.com,Agender,Red
538,Tallulah,MacDearmid,tmacdearmidex@go.com,,Purple
539,Cob,Shewry,cshewryey@wisc.edu,Genderfluid,Yellow
540,Heather,Hancock,hhancockez@sciencedirect.com,Non-binary,Puce
541,Roxine,Meatcher,rmeatcherf0@discuz.net,Male,
542,Nolie,Eydel,neydelf1@wunderground.com,Bigender,Pink
543,Gillian,Orsay,gorsayf2@fda.gov,Genderfluid,Orange
544,Sharity,Grenter,sgrenterf3@cnbc.com,Male,Teal
545,Claire,Perillo,cperillof4@soundcloud.com,Agender,Red
546,Rosanne,Booker,rbookerf5@upenn.edu,Polygender,Blue
547,Lyndell,Hanwright,lhanwrightf6@alibaba.com,Agender,Yellow
548,Zara,Dryden,zdrydenf7@examiner.com,Polygender,Purple
549,Wyatt,Keyser,wkeyserf8@yandex.ru,Agender,Fuscia
550,Ezmeralda,Debrick,edebrickf9@dailymotion.com,,Violet
551,Obadias,Geaveny,ogeavenyfa@cafepress.com,Male,Teal
552,Kerwin,Merrikin,kmerrikinfb@arizona.edu,Agender,Yellow
553,Wrennie,Gillyett,wgillyettfc@illinois.edu,Bigender,Goldenrod
554,Dunc,Baillie,dbailliefd@hao123.com,Bigender,Purple
555,Chiquia,Iiannoni,ciiannonife@mapquest.com,Polygender,Puce
556,Martie,Edgell,medgellff@people.com.cn,Non-binary,Aquamarine
557,Lark,Tew,ltewfg@hp.com,Non-binary,Violet
558,Stella,Jays,sjaysfh@github.com,Bigender,Fuscia
559,Martie,Daverin,mdaverinfi@ca.gov,,Fuscia
560,Mathe,Gouck,mgouckfj@youku.com,Non-binary,Crimson
561,Elvina,Cobby,ecobbyfk@illinois.edu,Genderfluid,Aquamarine
562,Joelynn,Lawrance,jlawrancefl@amazonaws.com,Agender,Orange
563,Boot,Beszant,bbeszantfm@spotify.com,Bigender,Pink
564,Glynda,Knibbs,,Genderfluid,Khaki
565,Carina,Petrello,cpetrellofo@yandex.ru,Genderqueer,Puce
566,Terry,Durant,tdurantfp@google.co.uk,Bigender,Crimson
567,Chandal,Domaschke,cdomaschkefq@hao123.com,Agender,Blue
568,Franny,Stinchcombe,fstinchcombefr@weebly.com,Bigender,Mauv
569,Kiele,De Benedetti,kdebenedettifs@cafepress.com,Bigender,Mauv
570,Modesta,Lambkin,mlambkinft@patch.com,Genderfluid,Green
571,Abbe,Gadault,agadaultfu@examiner.com,Male,Yellow
572,Corty,Gussin,cgussinfv@ustream.tv,Non-binary,Turquoise
573,Courtney,Jaskowicz,cjaskowiczfw@diigo.com,Female,Goldenrod
574,Ricki,Loudiane,rloudianefx@virginia.edu,Non-binary,Turquoise
575,Fulvia,Caslett,,,Fuscia
576,Melania,Gurge,mgurgefz@ed.gov,,Orange
577,Lambert,Vidgen,lvidgeng0@mapy.cz,Genderfluid,Pink
578,Reeba,Spriggin,rsprigging1@opera.com,Genderqueer,Khaki
579,Amery,Jellis,ajellisg2@drupal.org,Genderfluid,Turquoise
580,Iolanthe,Fedorchenko,ifedorchenkog3@yellowpages.com,Female,Violet
581,Shel,Forge,sforgeg4@buzzfeed.com,Female,Purple
582,Noami,Patching,,Bigender,Turquoise
583,Lalo,Shoosmith,lshoosmithg6@sciencedirect.com,Non-binary,Pink
584,Melody,Abbate,mabbateg7@usa.gov,Agender,Teal
585,Hammad,Blaney,hblaneyg8@i2i.jp,Non-binary,Blue
586,Mart,Beumant,mbeumantg9@newyorker.com,Female,Pink
587,Noelle,Chippindall,nchippindallga@whitehouse.gov,Agender,Pink
588,Leah,Habishaw,lhabishawgb@independent.co.uk,Agender,Orange
589,Klarika,Olivera,koliveragc@cisco.com,Non-binary,Khaki
590,Jdavie,Tonry,,Female,Fuscia
591,Gorden,Yesichev,gyesichevge@theatlantic.com,Polygender,Turquoise
592,Sherye,Grand,sgrandgf@geocities.com,Polygender,Blue
593,Burke,Flattman,bflattmangg@amazon.co.uk,Female,Orange
594,Penn,Le Noury,plenourygh@msu.edu,,Turquoise
595,Hyacinthe,Bartosch,hbartoschgi@nba.com,,Goldenrod
596,Neal,Spinks,nspinksgj@wufoo.com,,Goldenrod
597,Gerianna,Giacomasso,ggiacomassogk@newsvine.com,Bigender,Pink
598,Fernande,Ioselevich,fioselevichgl@rediff.com,Female,Yellow
599,Joscelin,Besant,jbesantgm@paginegialle.it,Polygender,Orange
600,Ken,Stabler,kstablergn@miitbeian.gov.cn,Non-binary,Red
601,Sheilah,Griffey,sgriffeygo@vk.com,,Blue
602,Dierdre,Pithcock,dpithcockgp@msu.edu,Genderfluid,Mauv
603,Sibley,Franschini,sfranschinigq@prweb.com,Bigender,Green
604,Lalo,Priestner,lpriestnergr@sakura.ne.jp,Male,Blue
605,Norri,Fullilove,nfullilovegs@plala.or.jp,Polygender,Pink
606,Marty,MacCauley,mmaccauleygt@addtoany.com,Bigender,Green
607,Lynn,Southworth,lsouthworthgu@shareasale.com,Agender,Puce
608,Iago,Ranscomb,iranscombgv@blogspot.com,Male,Indigo
609,Sampson,Battersby,sbattersbygw@friendfeed.com,Female,Red
610,Farah,Niezen,fniezengx@macromedia.com,Polygender,Puce
611,Henriette,Vasin,hvasingy@w3.org,,Red
612,Jecho,Poulsum,jpoulsumgz@opera.com,Genderfluid,Indigo
613,Maighdiln,Board,mboardh0@shinystat.com,Non-binary,Blue
614,Gothart,Pantlin,gpantlinh1@europa.eu,Polygender,Pink
615,Beryl,Buessen,bbuessenh2@reference.com,Female,Mauv
616,Ave,Ernke,aernkeh3@biblegateway.com,Male,Fuscia
617,Ashlee,Caban,acabanh4@craigslist.org,Male,Crimson
618,Dulcia,Tidy,dtidyh5@ted.com,Non-binary,Fuscia
619,Kylie,Jagson,kjagsonh6@yahoo.com,Female,Yellow
620,Myrle,Piscopello,mpiscopelloh7@goodreads.com,Genderfluid,Turquoise
621,Cullen,Preto,cpretoh8@cdc.gov,Non-binary,Khaki
622,Dougy,Larmor,dlarmorh9@printfriendly.com,Agender,Indigo
623,Vale,Gromley,vgromleyha@etsy.com,Male,Red
624,Vernon,Phythien,vphythienhb@state.gov,Genderqueer,Green
625,Tricia,Layfield,tlayfieldhc@upenn.edu,Polygender,Orange
626,Eamon,Eidelman,eeidelmanhd@hc360.com,Non-binary,Khaki
627,Greggory,Still,gstillhe@vkontakte.ru,Non-binary,Blue
628,Genevra,Bennallck,gbennallckhf@tamu.edu,Agender,Khaki
629,Byram,Pietron,bpietronhg@t.co,Genderfluid,Turquoise
630,Orson,Joiris,ojoirishh@nhs.uk,Male,Yellow
631,Sigfrid,Stoffers,sstoffershi@free.fr,,Puce
632,Selia,Odell,,Agender,Violet
633,Leila,Thurber,lthurberhk@dmoz.org,Non-binary,Blue
634,Truda,Eldin,teldinhl@vkontakte.ru,Male,Crimson
635,Parrnell,Cranidge,pcranidgehm@amazon.com,,Indigo
636,Goldina,Reeman,greemanhn@wisc.edu,,Pink
637,Deanne,Pryde,dprydeho@ucoz.com,Genderqueer,Indigo
638,Stella,Bottomer,sbottomerhp@aboutads.info,Polygender,Turquoise
639,Dedra,Spratley,dspratleyhq@admin.ch,Female,Goldenrod
640,Marena,Domenici,mdomenicihr@nyu.edu,Genderqueer,Green
641,Jemmie,Betonia,jbetoniahs@prlog.org,Agender,Orange
642,Eveline,Holsey,eholseyht@google.cn,Bigender,Fuscia
643,Petrina,Sheryne,psherynehu@patch.com,Male,Turquoise
644,Brande,De Maine,bdemainehv@biglobe.ne.jp,Genderfluid,Crimson
645,Phylis,Lyall,plyallhw@instagram.com,Genderqueer,Green
646,Benoit,Defau,,Genderfluid,Yellow
647,Rhiamon,McIan,rmcianhy@ovh.net,Agender,Turquoise
648,Rafe,Couche,rcouchehz@china.com.cn,,Turquoise
649,Edythe,Lindermann,elindermanni0@multiply.com,Genderqueer,Green
650,Saree,Stuart,sstuarti1@illinois.edu,Bigender,Khaki
651,Jefferey,Linskill,jlinskilli2@shop-pro.jp,Polygender,Red
652,Sidonia,Jostan,sjostani3@huffingtonpost.com,Agender,Mauv
653,Pinchas,O'Hear,poheari4@tuttocitta.it,Genderqueer,Aquamarine
654,Jaquenette,Flett,jfletti5@pcworld.com,Non-binary,Indigo
655,Yetty,Hamlet,yhamleti6@forbes.com,Genderfluid,Orange
656,Barron,Dondon,bdondoni7@trellian.com,Female,Orange
657,Lewiss,Reignould,lreignouldi8@sciencedaily.com,Non-binary,Goldenrod
658,Teressa,McSporon,tmcsporoni9@bravesites.com,Genderqueer,Red
659,Ibrahim,Sawart,isawartia@fema.gov,Male,Red
660,Madelaine,Belderson,mbeldersonib@adobe.com,Polygender,Blue
661,Fabien,Tomasutti,ftomasuttiic@nydailynews.com,Agender,Aquamarine
662,Buckie,Peasgood,,Male,Yellow
663,Con,Skerme,cskermeie@ifeng.com,Agender,Violet
664,Scotti,Matzkaitis,smatzkaitisif@jalbum.net,Male,Pink
665,Sydelle,Sam,ssamig@php.net,Polygender,Yellow
666,Robinet,Goodfellowe,rgoodfelloweih@slideshare.net,Non-binary,Red
667,Onofredo,Pauel,opauelii@bbb.org,Polygender,Red
668,Borden,Lehemann,blehemannij@ted.com,,Turquoise
669,Gus,Stienham,,Female,Orange
670,Dianne,Townshend,dtownshendil@fda.gov,,Khaki
671,Kale,Blackman,kblackmanim@washington.edu,Non-binary,Fuscia
672,Nevil,O'Sheilds,,Male,Goldenrod
673,Brita,Gusney,bgusneyio@cdc.gov,Non-binary,Orange
674,Kaitlyn,Lampen,klampenip@hostgator.com,Agender,Pink
675,Ase,Ludee,aludeeiq@unesco.org,Female,Khaki
676,Bertha,Sworder,bsworderir@msu.edu,Genderqueer,Orange
677,Ashley,Barstock,,Genderqueer,Maroon
678,Norri,Ker,nkerit@indiatimes.com,Bigender,Yellow
679,Philly,Bushel,pbusheliu@washingtonpost.com,,Teal
680,Kurtis,Eads,keadsiv@freewebs.com,Agender,Red
681,Gregorius,Woolfoot,gwoolfootiw@tinypic.com,Non-binary,Teal
682,Rod,Essam,ressamix@rakuten.co.jp,Female,Orange
683,Paulette,Pendlenton,ppendlentoniy@wunderground.com,Bigender,Maroon
684,Ettore,Minster,eminsteriz@prnewswire.com,Agender,Puce
685,Brook,Yeatman,byeatmanj0@diigo.com,Bigender,Turquoise
686,Patrica,Dansey,,Female,Khaki
687,Olin,Gosling,ogoslingj2@slate.com,Genderfluid,Violet
688,Morse,Braisher,mbraisherj3@hc360.com,Male,Orange
689,Fabien,Upshall,fupshallj4@rambler.ru,Non-binary,Maroon
690,Virgie,Bolliver,vbolliverj5@example.com,Non-binary,Aquamarine
691,Lyssa,Rudham,lrudhamj6@hubpages.com,Female,Maroon
692,Aurea,Tallet,atalletj7@telegraph.co.uk,,Purple
693,Bria,Maffy,bmaffyj8@unblog.fr,Genderfluid,
694,Marillin,Rubra,mrubraj9@php.net,Non-binary,Khaki
695,Alli,Burnet,aburnetja@economist.com,Genderqueer,Aquamarine
696,Gus,Blum,gblumjb@mayoclinic.com,Male,Blue
697,Shepherd,Benjefield,sbenjefieldjc@histats.com,Female,Violet
698,Hilarius,Dirr,hdirrjd@newsvine.com,Female,Fuscia
699,Marilee,Cocklin,mcocklinje@tuttocitta.it,Agender,Indigo
700,Gino,Fortnon,gfortnonjf@icq.com,Genderfluid,Khaki
701,Cami,Suett,csuettjg@vk.com,,Turquoise
702,Edee,Werner,ewernerjh@devhub.com,Female,Fuscia
703,Reggi,Strode,rstrodeji@angelfire.com,,Purple
704,Osbourne,Dmitrienko,odmitrienkojj@nytimes.com,Genderqueer,
705,Izabel,Feaveryear,ifeaveryearjk@washingtonpost.com,Agender,Green
706,Cart,Temlett,ctemlettjl@usnews.com,,Goldenrod
707,Bethena,Papworth,bpapworthjm@posterous.com,Male,Pink
708,Wilie,Kainz,wkainzjn@dell.com,,
709,Sharron,Cursons,scursonsjo@arizona.edu,Genderqueer,Indigo
710,Marve,Morbey,mmorbeyjp@posterous.com,Non-binary,Khaki
711,Maison,Atley,matleyjq@google.de,Genderqueer,Khaki
712,Nadya,Targetter,,Polygender,Blue
713,Eugenie,Strut,estrutjs@weibo.com,Female,Crimson
714,Danna,Bulcock,dbulcockjt@gov.uk,Genderfluid,Turquoise
715,Saba,Lowndsbrough,slowndsbroughju@meetup.com,Agender,Orange
716,Dare,Muslim,dmuslimjv@army.mil,Genderfluid,Indigo
717,Stanislaus,Hamsley,shamsleyjw@taobao.com,Genderqueer,Orange
718,Larry,Stoll,lstolljx@businesswire.com,,Crimson
719,Fidelity,Francescoccio,ffrancescocciojy@tmall.com,Bigender,Purple
720,Georges,Perrottet,gperrottetjz@1und1.de,Non-binary,Indigo
721,Rosamond,Visco,rviscok0@nydailynews.com,Bigender,Crimson
722,Ric,Bulleyn,rbulleynk1@de.vu,Female,Teal
723,Erhart,Innett,einnettk2@furl.net,Genderqueer,Yellow
724,Chiarra,Cronshaw,ccronshawk3@webeden.co.uk,Polygender,Orange
725,Viviene,McMakin,vmcmakink4@prnewswire.com,Polygender,Green
726,Guglielma,Vittori,gvittorik5@buzzfeed.com,Genderfluid,Puce
727,Worth,Eakins,weakinsk6@wix.com,Bigender,Indigo
728,Bradford,Gaukroger,bgaukrogerk7@wikispaces.com,Female,Aquamarine
729,Giselle,Shaves,gshavesk8@sogou.com,Agender,Turquoise
730,Shari,Nanelli,snanellik9@free.fr,Genderfluid,Mauv
731,Aldridge,Fahey,afaheyka@google.fr,Bigender,Khaki
732,Rufe,Sherborne,rsherbornekb@timesonline.co.uk,,Aquamarine
733,Idelle,Giacomelli,,Bigender,Pink
734,Sybyl,Stanlick,sstanlickkd@usnews.com,Polygender,Turquoise
735,Nikolaos,Shillan,nshillanke@samsung.com,Genderfluid,Crimson
736,Sherlocke,Poynor,spoynorkf@devhub.com,,Aquamarine
737,Isaac,Kynge,ikyngekg@canalblog.com,Genderfluid,Purple
738,Page,Proudley,pproudleykh@usatoday.com,Genderfluid,Goldenrod
739,Coralie,Bridgen,cbridgenki@phpbb.com,,Violet
740,Wilow,Godilington,wgodilingtonkj@gizmodo.com,Agender,Turquoise
741,Norbie,Ellsworthe,nellsworthekk@mac.com,Bigender,Maroon
742,Darryl,Barhams,dbarhamskl@mail.ru,Genderqueer,Mauv
743,Trevor,Dobrowski,tdobrowskikm@sphinn.com,,Turquoise
744,Dolf,Eastbury,deastburykn@jugem.jp,Polygender,Fuscia
745,Noellyn,Lawson,nlawsonko@google.co.uk,Non-binary,Goldenrod
746,Cordell,Bedboro,cbedborokp@google.pl,,Puce
747,Val,Daughtrey,,Genderfluid,Pink
748,Witty,Stealey,wstealeykr@pen.io,,Indigo
749,Vasily,Trenoweth,vtrenowethks@dailymotion.com,Genderfluid,Purple
750,Josselyn,Rallin,jrallinkt@cisco.com,Polygender,Red
751,Gilbertine,Aidler,gaidlerku@furl.net,Polygender,Aquamarine
752,Page,Castellanos,pcastellanoskv@skype.com,Bigender,Pink
753,Annice,Maciaszek,amaciaszekkw@people.com.cn,Non-binary,Yellow
754,Brenden,Rimell,brimellkx@deviantart.com,Agender,Purple
755,Diego,Spancock,dspancockky@theatlantic.com,Male,Pink
756,Stavro,Bakey,sbakeykz@independent.co.uk,Bigender,Indigo
757,Alverta,Geerdts,ageerdtsl0@eepurl.com,Male,Purple
758,Malissia,Biddell,mbiddelll1@weather.com,Male,Red
759,Josefina,Dabourne,jdabournel2@icq.com,,Green
760,Genevra,Grindrod,ggrindrodl3@ezinearticles.com,Genderqueer,Mauv
761,Philly,Petrollo,ppetrollol4@smh.com.au,Polygender,Purple
762,Berkly,Chard,bchardl5@devhub.com,Genderqueer,Red
763,Tamarra,Ellin,tellinl6@spotify.com,Male,Maroon
764,Austin,Deere,adeerel7@elegantthemes.com,Non-binary,Mauv
765,Dre,Forestel,dforestell8@answers.com,Male,Goldenrod
766,Bert,Immings,bimmingsl9@ameblo.jp,Non-binary,Purple
767,Inger,Commusso,icommussola@edublogs.org,Bigender,Khaki
768,Ranee,Hansed,rhansedlb@abc.net.au,Genderfluid,Orange
769,Herold,Puddephatt,hpuddephattlc@woothemes.com,,Purple
770,Aubrey,Ayerst,aayerstld@twitpic.com,Genderqueer,Orange
771,Jackqueline,Peplow,jpeplowle@goodreads.com,Female,Violet
772,Weidar,Cannavan,wcannavanlf@tumblr.com,Non-binary,Maroon
773,Shani,Pinxton,spinxtonlg@unesco.org,Bigender,Red
774,Pete,Ennever,penneverlh@admin.ch,Polygender,Red
775,Kaylil,Swindle,kswindleli@privacy.gov.au,Non-binary,Puce
776,Clim,Reis,creislj@twitter.com,Non-binary,Red
777,Kile,Karlqvist,kkarlqvistlk@gmpg.org,Non-binary,Goldenrod
778,Ange,Bryning,abryningll@patch.com,Male,Purple
779,Morris,Cotesford,mcotesfordlm@so-net.ne.jp,Genderqueer,Turquoise
780,Richardo,Lackemann,rlackemannln@ifeng.com,Agender,Purple
781,Rosie,Tweede,rtweedelo@amazon.com,Female,Mauv
782,Alonso,Guitte,aguittelp@ycombinator.com,,Blue
783,Maudie,Shaves,mshaveslq@exblog.jp,Genderqueer,Indigo
784,Karalee,Olivier,kolivierlr@is.gd,Polygender,Turquoise
785,Uri,Manton,umantonls@mail.ru,Male,Mauv
786,Reina,Cund,rcundlt@time.com,Male,Crimson
787,Bunni,Brickstock,bbrickstocklu@artisteer.com,Male,Crimson
788,Marnie,McLaughlan,mmclaughlanlv@phoca.cz,Non-binary,Pink
789,Tanny,Rainton,traintonlw@japanpost.jp,Agender,Teal
790,Jamima,Huddleston,jhuddlestonlx@acquirethisname.com,Bigender,Crimson
791,Chris,Sigsworth,csigsworthly@cmu.edu,Non-binary,Orange
792,Hayyim,Bunnell,hbunnelllz@histats.com,Agender,Green
793,Abbey,Slack,aslackm0@devhub.com,Agender,Aquamarine
794,Port,Spillane,pspillanem1@time.com,Non-binary,Khaki
795,Vinson,Whardley,vwhardleym2@moonfruit.com,Polygender,Turquoise
796,Griff,Yuryaev,gyuryaevm3@dagondesign.com,Non-binary,Yellow
797,Gerry,Tunnah,gtunnahm4@merriam-webster.com,Agender,Fuscia
798,Currey,Gerg,cgergm5@sfgate.com,Agender,Orange
799,Janela,Dyster,jdysterm6@illinois.edu,Non-binary,Goldenrod
800,Charlena,Dottrell,cdottrellm7@amazon.co.uk,Genderfluid,Yellow
801,Susanne,Kochs,skochsm8@reddit.com,,Purple
802,Sherwynd,Murrum,smurrumm9@w3.org,Polygender,Mauv
803,Granthem,Mattys,gmattysma@newsvine.com,Male,Fuscia
804,Beatrisa,Kimber,,Bigender,Crimson
805,Alma,Everett,aeverettmc@prlog.org,Agender,Fuscia
806,Marcello,Holborn,mholbornmd@wikimedia.org,Male,Blue
807,Cathi,Stitwell,,Bigender,Pink
808,Vic,Bougourd,vbougourdmf@instagram.com,,Mauv
809,Adriane,Mold,amoldmg@aol.com,Polygender,Fuscia
810,Sasha,Fernando,sfernandomh@prnewswire.com,Male,Fuscia
811,Harri,Larrie,hlarriemi@friendfeed.com,Male,Turquoise
812,Trish,De Meyer,tdemeyermj@creativecommons.org,Genderfluid,Turquoise
813,Corie,Mahaddie,cmahaddiemk@xrea.com,,Green
814,Khalil,Guyan,kguyanml@odnoklassniki.ru,,Red
815,Beverly,Deble,bdeblemm@bloomberg.com,Polygender,Pink
816,Carri,Wynn,cwynnmn@ucoz.ru,Female,Yellow
817,Cynthea,Robel,crobelmo@cornell.edu,Female,Blue
818,Quentin,Limeburn,qlimeburnmp@1688.com,Genderqueer,Fuscia
819,Irvine,Sprowson,isprowsonmq@slashdot.org,Genderqueer,Maroon
820,Emile,Yirrell,eyirrellmr@economist.com,,Teal
821,Jolie,Blaylock,jblaylockms@sbwire.com,Polygender,Aquamarine
822,Bertine,Druitt,bdruittmt@networksolutions.com,Genderfluid,Turquoise
823,Barrett,Cushe,bcushemu@cnet.com,,Yellow
824,Stella,Zanettini,szanettinimv@devhub.com,Bigender,Blue
825,Lind,Sainsberry,lsainsberrymw@1und1.de,Female,Crimson
826,Caddric,Binch,cbinchmx@usda.gov,Polygender,Indigo
827,Addi,Eastbrook,aeastbrookmy@intel.com,Bigender,Violet
828,Jermain,Lias,jliasmz@tuttocitta.it,,Orange
829,Teodora,Cody,tcodyn0@nbcnews.com,Non-binary,Green
830,Fredi,Haye,,Bigender,Purple
831,Augusto,Attard,,Female,Aquamarine
832,Fin,Affron,faffronn3@noaa.gov,Agender,Teal
833,Corrine,Mauchlen,cmauchlenn4@posterous.com,Female,Orange
834,Jolie,McAneny,jmcanenyn5@ftc.gov,,Aquamarine
835,Etan,Strass,estrassn6@stumbleupon.com,Genderqueer,
836,Catherin,Gilderoy,cgilderoyn7@photobucket.com,Non-binary,Violet
837,Leigh,Flaxman,lflaxmann8@a8.net,,Khaki
838,Cobb,Garfit,cgarfitn9@amazonaws.com,Female,Crimson
839,Kerrie,Heers,kheersna@miitbeian.gov.cn,Polygender,Maroon
840,Jamie,Cottham,jcotthamnb@wikia.com,Male,Yellow
841,Meriel,Deguara,mdeguaranc@nih.gov,Female,Pink
842,Drona,Teulier,dteuliernd@cargocollective.com,,
843,Care,Gullan,cgullanne@vinaora.com,Genderfluid,Red
844,Malinda,Brownlow,mbrownlownf@typepad.com,Male,Aquamarine
845,Ursula,Macewan,umacewanng@skype.com,Male,Purple
846,Dennie,Sunderland,dsunderlandnh@fc2.com,Male,Crimson
847,Kaile,Bofield,kbofieldni@baidu.com,Genderfluid,Green
848,Skip,Mabbe,smabbenj@hao123.com,Bigender,Crimson
849,Megan,Garrelts,mgarreltsnk@indiatimes.com,Agender,Puce
850,Dru,Farndon,dfarndonnl@parallels.com,Female,Blue
851,Rube,Braunston,rbraunstonnm@360.cn,Non-binary,Indigo
852,Britte,Mettricke,bmettrickenn@privacy.gov.au,Polygender,Khaki
853,Meredith,Biskup,mbiskupno@nih.gov,Genderqueer,Red
854,Dottie,Maulden,dmauldennp@dell.com,Male,Mauv
855,Aloysius,Erlam,aerlamnq@mac.com,Agender,Khaki
856,Tierney,Bachshell,tbachshellnr@mediafire.com,Non-binary,Crimson
857,Petronille,Goaley,pgoaleyns@businesswire.com,Polygender,Turquoise
858,Anthony,Titchen,atitchennt@cdbaby.com,Genderfluid,Orange
859,Betteanne,Tothacot,btothacotnu@ycombinator.com,Female,
860,Allyn,Klousner,aklousnernv@globo.com,Polygender,Yellow
861,Humbert,Sheber,hshebernw@google.com,Genderqueer,Teal
862,Elfreda,Myles,emylesnx@tmall.com,Polygender,Mauv
863,Amandy,Coo,acoony@tripadvisor.com,Non-binary,Violet
864,Vitia,MacKee,vmackeenz@netlog.com,,Aquamarine
865,Wells,Mauchlen,wmauchleno0@reverbnation.com,Non-binary,Blue
866,Amandi,Creasey,acreaseyo1@unesco.org,,Fuscia
867,Fayette,Garrique,fgarriqueo2@google.com.hk,Genderfluid,Blue
868,Elfrieda,Dullingham,edullinghamo3@house.gov,Bigender,Violet
869,Devlen,Billinge,dbillingeo4@scientificamerican.com,Genderqueer,Goldenrod
870,Lettie,Hassett,lhassetto5@altervista.org,Male,Teal
871,Sherry,Sedgwick,ssedgwicko6@usatoday.com,Genderqueer,
872,Kerrie,Jackways,kjackwayso7@unc.edu,Bigender,Aquamarine
873,Engelbert,Newarte,enewarteo8@simplemachines.org,Female,Mauv
874,Tanney,Ragles,tragleso9@hp.com,Non-binary,Teal
875,Harris,Beves,hbevesoa@t-online.de,Genderqueer,Crimson
876,Lizzie,Habble,lhabbleob@apache.org,Agender,Puce
877,Oby,Gouldbourn,ogouldbournoc@example.com,Genderqueer,Teal
878,Melisse,Goodfield,mgoodfieldod@salon.com,Polygender,Red
879,Lyman,Wagner,lwagneroe@patch.com,Genderqueer,Maroon
880,Octavia,Guiver,oguiverof@timesonline.co.uk,Genderfluid,Indigo
881,Olympia,Moyle,omoyleog@example.com,Genderqueer,Puce
882,Jodi,Pollard,jpollardoh@smh.com.au,,Green
883,Desiree,Fayerbrother,dfayerbrotheroi@geocities.com,Male,Aquamarine
884,Gilbertine,Speck,gspeckoj@techcrunch.com,Genderqueer,Aquamarine
885,Archibold,Asher,,Non-binary,Crimson
886,Melvyn,Avrahamy,mavrahamyol@yelp.com,Bigender,
887,Idell,Resun,iresunom@geocities.com,Genderqueer,Turquoise
888,Cassandra,Jupe,cjupeon@seesaa.net,Polygender,Goldenrod
889,Karlee,Kelsell,kkelselloo@alibaba.com,Bigender,Teal
890,Suzi,Glede,sgledeop@google.fr,,Orange
891,Amabelle,Salery,asaleryoq@biblegateway.com,Non-binary,Red
892,Tymon,Dyter,tdyteror@moonfruit.com,Polygender,Pink
893,Lilla,Lydiate,llydiateos@ihg.com,Polygender,Fuscia
894,Loni,Blunsen,lblunsenot@nhs.uk,Genderfluid,Fuscia
895,Lynn,Lammas,llammasou@joomla.org,Polygender,Violet
896,Oren,Ready,oreadyov@nymag.com,Genderqueer,Turquoise
897,Katheryn,Berzins,kberzinsow@sciencedaily.com,Polygender,Crimson
898,Erin,Hearty,eheartyox@soundcloud.com,Genderqueer,Orange
899,James,Ellicombe,jellicombeoy@apple.com,,Aquamarine
900,Jannelle,Mulroy,jmulroyoz@webeden.co.uk,,Crimson
901,Curcio,Thaller,cthallerp0@independent.co.uk,Polygender,Indigo
902,Coralie,Purry,cpurryp1@hatena.ne.jp,Female,Fuscia
903,Kaylil,Gomm,kgommp2@upenn.edu,,Green
904,Trish,Sonschein,tsonscheinp3@biglobe.ne.jp,Non-binary,Puce
905,Melloney,Trimnell,mtrimnellp4@hc360.com,,Aquamarine
906,Penrod,Canadas,pcanadasp5@spotify.com,Genderfluid,Red
907,Scotty,Goakes,sgoakesp6@wikia.com,,Mauv
908,Ingrim,Clapham,iclaphamp7@t.co,Male,Indigo
909,Wang,Cordey,wcordeyp8@wufoo.com,Agender,Purple
910,May,Marflitt,mmarflittp9@creativecommons.org,Non-binary,Mauv
911,Wayne,Sinkin,,Female,
912,Neils,Kincla,nkinclapb@geocities.jp,Polygender,Crimson
913,Kaleb,Hartly,khartlypc@hibu.com,Genderqueer,Mauv
914,Corissa,Physic,cphysicpd@latimes.com,Non-binary,Aquamarine
915,Fredrika,Batts,,Agender,Purple
916,Bink,Snoddy,bsnoddypf@cdc.gov,Genderfluid,Indigo
917,Alberik,Crombleholme,acrombleholmepg@tiny.cc,Male,Violet
918,Archaimbaud,Fairnington,afairningtonph@ameblo.jp,Male,Pink
919,Giffer,Togwell,gtogwellpi@google.com.br,Genderfluid,Pink
920,Nilson,Gary,ngarypj@vimeo.com,Genderfluid,Pink
921,Barnett,Fairbrass,bfairbrasspk@washingtonpost.com,Female,Teal
922,Clemens,Frude,cfrudepl@marketwatch.com,Non-binary,Violet
923,Brandea,Ring,bringpm@jalbum.net,Agender,Teal
924,Karlotta,Spatig,,Polygender,Fuscia
925,Ellyn,Gobourn,egobournpo@who.int,Female,Yellow
926,Milt,Bagge,mbaggepp@ovh.net,Female,Fuscia
927,Lorelle,Akehurst,lakehurstpq@vkontakte.ru,Genderfluid,Fuscia
928,Hewet,McCaughen,hmccaughenpr@gnu.org,Male,
929,Rolf,Corday,rcordayps@shareasale.com,Genderqueer,Goldenrod
930,Joela,Filshin,jfilshinpt@merriam-webster.com,Agender,Puce
931,Lisetta,Pittam,lpittampu@live.com,Male,Aquamarine
932,Nester,Whellans,nwhellanspv@edublogs.org,Genderfluid,Violet
933,Griselda,Minchell,gminchellpw@homestead.com,Polygender,Puce
934,Isaiah,Murison,imurisonpx@admin.ch,Agender,Blue
935,Farlay,Harkness,fharknesspy@blogtalkradio.com,Female,Puce
936,Dotti,Archibald,darchibaldpz@linkedin.com,Non-binary,Crimson
937,Gaby,Speirs,gspeirsq0@msn.com,Bigender,Mauv
938,Page,Tullett,ptullettq1@oakley.com,Non-binary,Goldenrod
939,Sondra,Tretwell,stretwellq2@baidu.com,Bigender,Indigo
940,Alexandre,Larret,alarretq3@omniture.com,,Pink
941,Addie,Linguard,alinguardq4@goo.gl,Bigender,Puce
942,Lionello,Priestman,lpriestmanq5@homestead.com,,Purple
943,Joly,Ferentz,jferentzq6@nps.gov,Genderfluid,Puce
944,Westbrook,Follos,wfollosq7@blogtalkradio.com,Polygender,Turquoise
945,Fidole,Tomasoni,ftomasoniq8@skype.com,Male,Teal
946,Jon,Braidman,jbraidmanq9@sbwire.com,Genderfluid,Blue
947,Javier,Laweles,jlawelesqa@wordpress.org,Genderqueer,Green
948,Othilia,Kemme,okemmeqb@edublogs.org,Genderqueer,Purple
949,Lezley,Oxbrow,loxbrowqc@pinterest.com,Agender,Crimson
950,Evelyn,Dukes,edukesqd@xinhuanet.com,Male,Pink
951,Nannette,Tallow,ntallowqe@ted.com,Agender,Yellow
952,Mallorie,Evill,,Polygender,Goldenrod
953,Fidela,Butterworth,fbutterworthqg@ezinearticles.com,Non-binary,Violet
954,Kathrine,Perillo,kperilloqh@wikimedia.org,Agender,Orange
955,Berti,Ludford,bludfordqi@harvard.edu,Genderqueer,Indigo
956,Loy,Mallabon,,Polygender,Khaki
957,Dniren,Lasselle,dlasselleqk@ed.gov,Male,Crimson
958,Sergent,Kliche,sklicheql@psu.edu,Genderfluid,Mauv
959,Winifield,Medlin,wmedlinqm@wp.com,Agender,Crimson
960,Shay,Shanley,sshanleyqn@shinystat.com,Genderfluid,Turquoise
961,Marti,Pettyfer,mpettyferqo@cbsnews.com,,Indigo
962,Sherm,Scrivner,sscrivnerqp@smh.com.au,Female,Orange
963,Rosco,Loynton,rloyntonqq@geocities.jp,Agender,Indigo
964,Frederique,Barnwill,fbarnwillqr@delicious.com,,Khaki
965,Ly,Goter,lgoterqs@omniture.com,Agender,Red
966,Jenilee,Welfair,jwelfairqt@symantec.com,Genderfluid,Orange
967,Diane-marie,Wood,dwoodqu@skype.com,Bigender,Violet
968,Dyanne,Holyard,dholyardqv@msn.com,Polygender,Khaki
969,Cinda,Averies,caveriesqw@buzzfeed.com,Male,Teal
970,Kerwinn,Cottis,kcottisqx@purevolume.com,Genderfluid,Orange
971,Owen,Pavlik,opavlikqy@nydailynews.com,Bigender,Aquamarine
972,Carlin,Wrout,cwroutqz@bandcamp.com,Non-binary,Khaki
973,Quintina,Henzer,qhenzerr0@nbcnews.com,Polygender,Puce
974,Hasty,Bruck,hbruckr1@mayoclinic.com,Bigender,Indigo
975,Babita,McCorkindale,bmccorkindaler2@oracle.com,Genderqueer,Mauv
976,Grange,Prichet,gprichetr3@berkeley.edu,Polygender,Mauv
977,Cookie,Samper,csamperr4@reddit.com,Non-binary,Puce
978,Bonnibelle,Feldmesser,bfeldmesserr5@tiny.cc,Genderfluid,Crimson
979,Ugo,MacDwyer,umacdwyerr6@tumblr.com,Polygender,Orange
980,Herb,Southon,hsouthonr7@washington.edu,Genderfluid,Puce
981,Emmey,Wheeliker,ewheelikerr8@google.com.hk,Agender,Orange
982,Wat,Mountfort,wmountfortr9@ebay.co.uk,Genderfluid,Pink
983,Elaina,Hodge,ehodgera@plala.or.jp,Female,Turquoise
984,Gnni,Dowsey,gdowseyrb@zdnet.com,Agender,Turquoise
985,Poul,Marginson,pmarginsonrc@flickr.com,Male,Turquoise
986,Kristyn,Duffy,kduffyrd@va.gov,Genderfluid,Fuscia
987,Valeda,Biagini,vbiaginire@wiley.com,Non-binary,Crimson
988,Bobby,McTrustie,bmctrustierf@nytimes.com,Agender,Turquoise
989,Rudyard,Farmloe,rfarmloerg@wp.com,Polygender,Orange
990,Merna,Matyasik,mmatyasikrh@cnet.com,Genderfluid,Aquamarine
991,Issi,Dutt,iduttri@desdev.cn,Agender,Yellow
992,Irwin,Pering,iperingrj@imdb.com,Genderqueer,Mauv
993,Gretchen,Stoner,gstonerrk@reverbnation.com,Bigender,Yellow
994,Jabez,Rhoades,,Male,Yellow
995,Avis,Kime,akimerm@army.mil,Non-binary,Green
996,Leo,Gerrell,,,Puce
997,Ashlin,Marsy,amarsyro@squarespace.com,Non-binary,Blue
998,Bronson,Heddy,bheddyrp@cargocollective.com,,Orange
999,Rafaela,Goddert.sf,rgoddertsfrq@tamu.edu,,Teal
1000,Timothy,Tierney,ttierneyrr@twitter.com,,Indigo
